{"cameraMode":{"drawMode":0,"name":"Shaded","section":"Shading Mode"},"sceneLighting":true,"audioPlay":false,"sceneViewState":{"showFog":true,"showMaterialUpdate":false,"showSkybox":true,"showFlares":true,"showImageEffects":true,"showParticleSystems":true},"in2DMode":false,"pivot":{"x":0.0,"y":0.22431981563568116,"z":0.02884574979543686},"rotation":{"x":-0.09004037082195282,"y":0.2560560703277588,"z":-0.023961873725056649,"w":-0.9621621370315552},"size":0.5986107587814331,"orthographic":false}